symbol,rows,date_start,date_end,origins,log_mae_timesfm,log_mae_persistence,log_rmse_timesfm,log_rmse_persistence,five_day_return_mae_timesfm,five_day_return_mae_persistence,directional_accuracy_timesfm,directional_base_rate,q10_q90_width_h5_spearman_vs_abs_move
RELIANCE,4117,2010-01-04,2026-09-18,40,0.014473068714141845,0.015181717872619628,0.018804632019372342,0.019277996300557463,0.018440282344818114,0.020059704780578613,0.65,0.375,-0.2628517823639775
TCS,4117,2010-01-04,2026-09-18,40,0.028949644565582276,0.025072646141052247,0.03884944241944228,0.03188997222740533,0.04180593490600586,0.03399026393890381,0.5,0.4,-0.2876172607879925
HDFCBANK,4117,2010-01-04,2026-09-18,40,0.015743134021759034,0.015138804912567139,0.02276768846248866,0.022388332217150447,0.01982424259185791,0.018872904777526855,0.375,0.275,0.2101313320825516
INFY,3744,2011-06-29,2026-09-18,40,0.030233845710754395,0.026496541500091553,0.042452247376944176,0.0359076546415416,0.04508455991744995,0.03589175939559937,0.5,0.525,-0.5945590994371482
ICICIBANK,4117,2010-01-04,2026-09-18,40,0.012823207378387451,0.012170069217681885,0.01620943697272119,0.015500385260484938,0.016875064373016356,0.015822219848632812,0.45,0.375,-0.27936210131332084
SBIN,4117,2010-01-04,2026-09-18,40,0.016943938732147217,0.016114327907562256,0.0213138846148329,0.02056683039015095,0.02418009042739868,0.022886574268341064,0.45,0.3,-0.36866791744840527
ITC,4117,2010-01-04,2026-09-18,40,0.014276187419891357,0.013595166206359864,0.018357177360499202,0.01782341909702261,0.018614208698272704,0.01828892230987549,0.625,0.4,-0.26060037523452156
BHARTIARTL,4117,2010-01-04,2026-09-18,40,0.015273466110229492,0.014565217494964599,0.019483907633518288,0.018750671987854635,0.018955707550048828,0.017725515365600585,0.45,0.375,-0.21069418386491556
LT,4117,2010-01-04,2026-09-18,40,0.01095933437347412,0.012163705825805664,0.013577708952078217,0.016040759057068008,0.013212037086486817,0.01645345687866211,0.75,0.5,-0.0031894934333958724
AXISBANK,4117,2010-01-04,2026-09-18,40,0.017265498638153076,0.015384480953216553,0.02309175153980303,0.020994647848638102,0.022032392024993897,0.019068598747253418,0.55,0.5,-0.10037523452157598
KOTAKBANK,4117,2010-01-04,2026-09-18,40,0.013702900409698486,0.014188640117645264,0.019859163393534704,0.019563295487969572,0.0187103271484375,0.019591367244720458,0.55,0.6,-0.36397748592870544
HINDUNILVR,4117,2010-01-04,2026-09-18,40,0.014217414855957032,0.013368496894836426,0.018417776086644373,0.018339741815062455,0.01833837032318115,0.016290819644927977,0.3,0.15,-0.013320825515947467
MARUTI,4117,2010-01-04,2026-09-18,40,0.017199015617370604,0.0157918119430542,0.02311271587995409,0.02108677148610202,0.025841021537780763,0.024003815650939942,0.525,0.225,-0.15947467166979362
SUNPHARMA,4117,2010-01-04,2026-09-18,40,0.012876691818237305,0.012791728973388672,0.016494337676444412,0.016478619963717675,0.017171144485473633,0.01704651117324829,0.55,0.425,0.006378986866791745
BAJFINANCE,3932,2010-09-29,2026-09-18,40,0.022523880004882812,0.021741666793823243,0.03388833666537498,0.03306794443105522,0.030152106285095216,0.030650436878204346,0.55,0.35,-0.20600375234521576
ASIANPAINT,4117,2010-01-04,2026-09-18,40,0.014880356788635253,0.014571335315704346,0.01975364812813249,0.019356462575511556,0.02116769552230835,0.020763480663299562,0.475,0.325,-0.13452157598499062
TITAN,4117,2010-01-04,2026-09-18,40,0.013948087692260741,0.012595658302307128,0.017925244961214757,0.016618854760590343,0.020680665969848633,0.018184351921081542,0.425,0.625,-0.0200750469043152
HCLTECH,4117,2010-01-04,2026-09-18,40,0.02942464590072632,0.024875521659851074,0.0395242893723709,0.03184631812404119,0.043523871898651124,0.034644556045532224,0.45,0.5,0.12063789868667918
WIPRO,4117,2010-01-04,2026-09-18,40,0.020184319019317627,0.01931347131729126,0.026052990987182098,0.025044083432728848,0.02817460298538208,0.025883007049560546,0.45,0.35,0.04971857410881801
ULTRACEMCO,4117,2010-01-04,2026-09-18,40,0.015370602607727052,0.014950289726257324,0.01913328994065216,0.018390195488220417,0.022037959098815917,0.02132406234741211,0.525,0.35,-0.3043151969981238
NESTLEIND,4113,2010-01-08,2026-09-18,40,0.016670632362365722,0.016572775840759276,0.021643525859043646,0.021218265176964436,0.02092822790145874,0.021299123764038086,0.525,0.35,-0.0399624765478424
M&M,4117,2010-01-04,2026-09-18,40,0.021273188591003418,0.018649649620056153,0.028016891786414158,0.024678618876491355,0.03164396286010742,0.02752690315246582,0.35,0.425,-0.6105065666041276
NTPC,4117,2010-01-04,2026-09-18,40,0.011751701831817627,0.01139026165008545,0.014636902245784024,0.014189760475958995,0.014339697360992432,0.013339459896087646,0.425,0.4,-0.22063789868667918
ONGC,4117,2010-01-04,2026-09-18,40,0.01240478754043579,0.012043352127075196,0.01740785985480458,0.016892425505422585,0.01612999439239502,0.015471065044403076,0.475,0.4,0.18067542213883678
POWERGRID,4117,2010-01-04,2026-09-18,40,0.013499739170074463,0.013112990856170655,0.01858181919122505,0.01841460716374336,0.017579662799835204,0.017029035091400146,0.5,0.375,-0.20187617260787993
TATAMOTORS,3898,2010-01-04,2025-10-23,40,0.061841001510620115,0.06162310123443603,0.15033728126580195,0.14956606961512844,0.09508411884307862,0.09488422870635986,0.575,0.45,0.09174484052532833
TATASTEEL,4117,2010-01-04,2026-09-18,40,0.013524484634399415,0.013371150493621826,0.016372462616126886,0.01640870145101055,0.01685483455657959,0.016400849819183348,0.575,0.425,0.14071294559099437
ADANIENT,4117,2010-01-04,2026-09-18,40,0.027990245819091798,0.023713712692260743,0.04061219588928742,0.03458086103228083,0.03946809768676758,0.031975626945495605,0.475,0.45,-0.21144465290806755
CIPLA,4117,2010-01-04,2026-09-18,40,0.0131402587890625,0.012763679027557373,0.017830319774207723,0.01679689239565503,0.018087363243103026,0.017300176620483398,0.7,0.325,0.15384615384615385
DRREDDY,4117,2010-01-04,2026-09-18,40,0.01687143087387085,0.015553219318389893,0.022753663284704958,0.02010936041296009,0.022365152835845947,0.02203723192214966,0.55,0.4,0.2716697936210131
